{"cameraMode":{"drawMode":0,"name":"Shaded","section":"Shading Mode"},"sceneLighting":true,"audioPlay":false,"sceneViewState":{"showFog":true,"showMaterialUpdate":false,"showSkybox":true,"showFlares":true,"showImageEffects":true,"showParticleSystems":true},"in2DMode":false,"pivot":{"x":-2.099269151687622,"y":0.8500003218650818,"z":-2.0130250453948976},"rotation":{"x":0.23709674179553986,"y":-0.26722976565361025,"z":0.04915888234972954,"w":0.93271803855896},"size":2.4799587726593019,"orthographic":true}